{
    "means": [
        0.6797164833808967,
        2.4351925681390743
    ],
    "stds": [
        0.20636423396149045,
        2.583830258546394
    ],
    "medians": [
        0.7452077216552584,
        2.063816440059856
    ],
    "LCIs": [
        0.5736906725855423,
        1.6983026322126389
    ],
    "UCIs": [
        0.011041585049068048,
        0.04365980973105099
    ],
    "CIs": [
        0.5847322576346103,
        1.7419624419436899
    ],
    "dAIC": 28.449067842636225,
    "dBIC": 25.284281868712725,
    "dlnZ": 13.529725888852397,
    "chains": null,
    "niter": 694,
    "sampler_results": null
}