{
    "means": [
        0.822174157196024,
        1.7886915718691538,
        0.3450569126107598,
        0.09898067638873816
    ],
    "stds": [
        0.27179453220391997,
        1.5731743995259937,
        0.1430347252519384,
        0.1630411710289468
    ],
    "medians": [
        0.8827038652013819,
        1.2816525736856772,
        0.361355567193586,
        0.03941411902074601
    ],
    "LCIs": [
        0.7354645385734535,
        1.2389901031042498,
        0.3130177029171682,
        0.037698642917562086
    ],
    "UCIs": [
        0.0043266386885151276,
        0.013513275580608441,
        0.007224165048296705,
        0.002812892137113346
    ],
    "CIs": [
        0.7397911772619686,
        1.2525033786848583,
        0.3202418679654649,
        0.04051153505467543
    ],
    "dAIC": 37.56505834841184,
    "dBIC": 28.82709369120367,
    "dlnZ": 10.820304722509086,
    "chains": null,
    "niter": 1519,
    "sampler_results": null
}