{
    "f_life": [
        0.1,
        0.13894954943731375,
        0.193069772888325,
        0.2682695795279726,
        0.372759372031494,
        0.517947467923121,
        0.7196856730011519,
        1.0
    ],
    "t_half": [
        0.5,
        0.965348864441625,
        1.86379686015747,
        3.59842836500576,
        6.947477471865686,
        13.41347897639862,
        25.897373396156045,
        49.99999999999999
    ],
    "statistical_power": [
        [
            0.1,
            0.15,
            0.25,
            0.35,
            0.2,
            0.15,
            0.1,
            0.1
        ],
        [
            0.2,
            0.25,
            0.4,
            0.45,
            0.3,
            0.45,
            0.25,
            0.1
        ],
        [
            0.1,
            0.25,
            0.5,
            0.5,
            0.5,
            0.35,
            0.35,
            0.1
        ],
        [
            0.2,
            0.4,
            0.7,
            0.8,
            0.8,
            0.35,
            0.6,
            0.35
        ],
        [
            0.4,
            0.25,
            0.9,
            0.85,
            0.85,
            0.65,
            0.4,
            0.25
        ],
        [
            0.45,
            0.85,
            1.0,
            1.0,
            0.85,
            0.6,
            0.65,
            0.35
        ],
        [
            0.7,
            1.0,
            1.0,
            1.0,
            1.0,
            0.9,
            0.65,
            0.35
        ],
        [
            1.0,
            1.0,
            1.0,
            1.0,
            1.0,
            1.0,
            0.9,
            0.45
        ]
    ]
}